family,degree,alpha,polynomial_terms,mean_validation_mse,std_validation_mse,se_validation_mse,mean_validation_r2,std_validation_r2,mean_training_mse,mean_training_r2,fold_validation_mse,fold_validation_r2,within_one_se_of_best,selected
Ridge,5,10,461,0.538447510848,0.0344692298907,0.0109001275647,0.949304045526,0.00316818733215,0.174336834609,0.98367125931,0.557993272745;0.541470940425;0.547578912585;0.566211478921;0.515353377122;0.54226659637;0.533812819296;0.498731940482;0.480144258802;0.600911511734,0.942960261556;0.946908743746;0.953087556133;0.947709091907;0.951494275879;0.951504432744;0.950976709447;0.952604774984;0.947575178643;0.948219430223,True,True
Ridge,5,100,461,0.609973299428,0.0619713758962,0.0195970697566,0.94267095167,0.00480735386644,0.329486520694,0.969145807298,0.653592992177;0.63375267784;0.658511847337;0.541445593741;0.610868447172;0.653291341356;0.633923616128;0.562287412564;0.481122432937;0.670936633029,0.933187772786;0.937860514187;0.943583656412;0.949996277303;0.942504274372;0.941575353535;0.941782923717;0.94656500561;0.947468376149;0.942185362629,False,False
Ridge,6,100,923,0.61642700846,0.0774010221002,0.0244763523062,0.942140716408,0.0053059711429,0.264819095226,0.975198457153,0.568396228034;0.600160375844;0.622125134232;0.636574510897;0.565765490433;0.790380945045;0.572158465861;0.638001757852;0.502511979476;0.668195196923,0.941896840404;0.941154241293;0.946700996391;0.941210907085;0.946749422795;0.929315262022;0.947455194592;0.939369760749;0.945132946461;0.942421592292,False,False
Ridge,6,10,923,0.621376926104,0.0691437197482,0.0218651640301,0.941546885112,0.00573726007729,0.117450976184,0.988999546212,0.559839077729;0.65783583394;0.587548027634;0.659676381449;0.616245461324;0.733842242207;0.514667072745;0.634159976397;0.550650020259;0.699305167357,0.942771577859;0.935499159373;0.949663302892;0.939077397196;0.941998182869;0.934371587609;0.952734980253;0.939734850854;0.939876967363;0.939740844855,False,False
Ridge,7,100,1715,0.678500041947,0.0810473617635,0.025629426152,0.936333207155,0.00519132059539,0.215508516684,0.979816533482,0.643292414868;0.67255118829;0.715744685106;0.660137713461;0.709683297259;0.845326277954;0.658633150558;0.606117717914;0.541372183949;0.732141790113,0.934240728555;0.934056318049;0.938680377218;0.939034792143;0.933203693314;0.924401433463;0.939513696299;0.942399747651;0.940889973146;0.936911311716,False,False
Ridge,4,10,209,0.74303743572,0.094502637069,0.029884357803,0.930193642364,0.00736616550862,0.397997919675,0.962733219446,0.674517870231;0.767196195553;0.695418444626;0.737860977582;0.842046968641;0.933579062863;0.719571812986;0.720379251001;0.583492541094;0.756311232618,0.931048769272;0.924776369748;0.940421776665;0.93185687327;0.920745453953;0.916508878593;0.933917326848;0.93154130721;0.936291038226;0.934828629858,False,False
Ridge,8,100,3002,0.765424296106,0.138582218173,0.0438235452624,0.928278186212,0.0103910020685,0.180584270193,0.983086979548,0.694370001203;0.761674961261;0.766997109344;0.742638053995;0.774250483665;1.09481887029;0.649403711222;0.71316758343;0.587468114971;0.869454071681,0.929019425168;0.925317727081;0.934289454887;0.931415699481;0.927126546505;0.90208900472;0.940361292066;0.932226642517;0.935856962952;0.925079106744,False,False
Ridge,4,1,209,0.793764626265,0.0893254817212,0.0282471975331,0.925344724818,0.00739175190656,0.376807453649,0.964715582212,0.707740063642;0.81640400273;0.71032981284;0.800964601224;0.8865321254;0.956315758675;0.779616354452;0.828428381333;0.650898526692;0.800416635663,0.927652697464;0.919951541478;0.939144282758;0.926029111193;0.916558453659;0.914475507981;0.928403069985;0.921273240481;0.928931277719;0.931028065456,False,False
Ridge,4,0.1,209,0.812851183326,0.0871574748691,0.0275616135695,0.923521311774,0.00739100092026,0.376065123092,0.964784966158,0.729360629539;0.831331204157;0.723223026431;0.817038142253;0.906228561148;0.969183092801;0.80168673248;0.852653374166;0.678339930602;0.819467139684,0.925442578661;0.918487928536;0.938039689164;0.924544683399;0.914704599739;0.913324766498;0.926376212413;0.918971104016;0.925935072576;0.929386482738,False,False
Ridge,4,0.01,209,0.81524589712,0.0868788368173,0.0274735004809,0.923292528425,0.00739156814562,0.376055485763,0.964785866753,0.732250245539;0.83311810626;0.724944735058;0.818970113632;0.9087567843;0.970932558872;0.804471918245;0.855365871863;0.681814962184;0.821833675249,0.925147193486;0.918312722684;0.937892186115;0.924366261482;0.914466640117;0.9131683096;0.926120431799;0.918713331397;0.925555649295;0.929182558271,False,False
OLS,4,,209,0.815518953871,0.0868470331878,0.0274634432902,0.923266441281,0.00739165037299,0.376055385443,0.964785876128,0.732582189931;0.833320686091;0.725142241218;0.819189482642;0.909045759699;0.971133983779;0.804789715062;0.855670972014;0.682211485669;0.822103022602,0.925113261139;0.91829285972;0.937875265272;0.924346002258;0.91443944138;0.913150295923;0.926091246577;0.918684337284;0.925512354655;0.929159348599,False,False
Ridge,7,10,1715,0.815967898638,0.126645101347,0.0400486974759,0.923084909532,0.0121644519919,0.080071935633,0.99250054234,0.734331756372;0.858463285596;0.684595475055;0.827873355104;1.01490793443;0.974828109772;0.640139831451;0.716093801594;0.78404739318;0.924398043825,0.924934415233;0.91582762642;0.941349007317;0.923544027036;0.904475557043;0.912819925702;0.941212050709;0.931948559729;0.91439334373;0.920344582396,False,False
Ridge,4,100,209,0.87985492547,0.113631126294,0.0359333172179,0.917233461806,0.00999595440114,0.583541222432,0.945358376777,0.913098319924;0.92090306452;0.862969430083;0.758393609399;1.0171765061;1.07604009617;0.824230905847;0.795943982978;0.708924536642;0.920868803038,0.906660363331;0.909705402575;0.926067268082;0.929960638377;0.904262036153;0.903768413537;0.924305843323;0.924360280321;0.922595675137;0.92064869722,False,False
Ridge,9,100,5004,0.914265473301,0.177045164286,0.0559865967862,0.914229345734,0.0144721137454,0.153785594638,0.985596597903,0.817664479329;0.901175563469;0.860634486705;0.863006294945;1.15083871901;1.2734571272;0.798734887095;0.757772672212;0.721270713387;0.998099789665,0.916415895471;0.911639685165;0.926267308474;0.920299420742;0.89168157639;0.886113166155;0.926647298399;0.927987755756;0.921247650875;0.913993699914,False,False
Ridge,5,1,461,0.918169855571,0.121744641019,0.0384990358541,0.913428380976,0.0120155235594,0.133927305467,0.987455672723,0.921096524772;1.01034398872;0.799917881263;0.850937725439;0.831801514645;1.03302365014;0.743216566101;1.03923903196;0.846123392018;1.10599828065,0.905842762949;0.900935714911;0.931469050687;0.921413980376;0.921709769289;0.907615427101;0.931745884799;0.90123959633;0.90761554083;0.904696082491,False,False
Ridge,8,10,3002,0.990411366309,0.219037760891,0.0692658217997,0.906943731632,0.0189662622884,0.055841400335,0.994768654269,0.831714236111;1.0549402371;0.799930252625;1.04736440045;1.23338276517;1.39439434338;0.738302092809;0.813972487198;0.843477821081;1.14663502717,0.914979687381;0.896563050242;0.931467990802;0.903273533578;0.88391242437;0.875297602482;0.932197210889;0.922647005223;0.907904398983;0.901194412366,False,False
Ridge,3,10,83,1.01829677098,0.139221841604,0.0440258119511,0.904192193489,0.0127454081331,0.767835125918,0.928099181678,1.08755624604;1.21744485741;0.953429053678;0.907162860415;1.04638083486;1.05580279049;0.989502804097;0.905877588936;0.78896906208;1.23084161176,0.888826753212;0.880629463053;0.918317367718;0.916221462254;0.901513287088;0.905578260622;0.909127915789;0.913913129119;0.913855968539;0.893938327494,False,False
Ridge,3,1,83,1.01896628941,0.135679886266,0.0429057473272,0.904096026831,0.0126383099923,0.759897191534,0.928842163558,1.09061898125;1.21961385881;0.935788613247;0.935336157592;1.02583385051;1.05242419573;1.00844034073;0.894952677306;0.801602244917;1.22505197403,0.888513671273;0.880416792343;0.919828668012;0.913619594668;0.903447195739;0.905880412499;0.907388766171;0.914951339434;0.912476607355;0.894437220816,False,False
Ridge,10,100,8007,1.01993892617,0.271381772941,0.0858184517948,0.904545825466,0.0224059287396,0.131636557757,0.987669783347,0.882902083063;0.998856588493;0.924724069552;0.939857394394;1.25102185051;1.65255162734;0.828257961086;0.827528244795;0.734614913829;1.15907452865,0.909747112825;0.902062055152;0.920776594919;0.913202048245;0.882252210922;0.852210279732;0.923936014252;0.921358781772;0.919790656833;0.900122500009,False,False
Ridge,3,0.1,83,1.02006846688,0.135385867528,0.0428127704386,0.90398679275,0.0126482938777,0.75975797668,0.928855189262,1.09189968422;1.22136085765;0.934603006795;0.939229168585;1.02424664797;1.05293839743;1.01214908303;0.894241604361;0.804767662716;1.22524855601,0.888382753992;0.880245499009;0.919930241858;0.913260066316;0.903596585288;0.905834426809;0.907048169721;0.915018913735;0.912130989429;0.894420281339,False,False
Ridge,3,0.01,83,1.02019705943,0.135357551606,0.0428038161579,0.903974098976,0.0126496815016,0.759756470539,0.928855330178,1.09204533388;1.22156318099;0.934495670397;0.939633800497;1.02409807468;1.05300309519;1.0125514974;0.894178411605;0.805118863256;1.22528266637,0.888367865249;0.880225661194;0.919939437634;0.913222697646;0.903610569197;0.905828640808;0.907011213552;0.915024919035;0.912092643401;0.894417342048,False,False
OLS,3,,83,1.02021157074,0.135354418421,0.0428028253578,0.903972667046,0.0126498404156,0.7597564552,0.928855331613,1.09206173137;1.22158599652;0.934483882182;0.939678941003;1.02408169293;1.05301044312;1.01259659132;0.894171488834;0.805158307222;1.22528663289,0.888366189048;0.88022342413;0.919940447559;0.913218528818;0.903612111068;0.905827983675;0.907007072301;0.915025576916;0.912088336689;0.894417000253,False,False
Ridge,8,1000,3002,1.06383689196,0.135223574939,0.0427614490158,0.900291540541,0.00784375252387,0.593969931792,0.944381784383,0.958807523112;0.960317775962;1.16927499169;1.15567834364;0.996422995539;1.31666276136;1.05485582651;1.08368789304;0.834922669596;1.10773813914,0.901987832098;0.905840787894;0.899825310741;0.893270496445;0.906215383318;0.882249233264;0.903126148707;0.897015556117;0.908838498017;0.904546158813,False,False
Ridge,7,1000,1715,1.07867817378,0.103865760603,0.0328452374411,0.898767394586,0.00490551565835,0.688997204824,0.935484010073,1.04906762394;1.00463604566;1.2323058324;1.06350489887;1.06461507724;1.18362610193;1.13999627342;1.0927969917;0.852605992302;1.10362690038,0.892761175085;0.90149537905;0.894425302251;0.901782922117;0.899797056692;0.894146864998;0.895307181617;0.896149905161;0.906907734467;0.904900424426,False,False
Ridge,9,1000,5004,1.10819757213,0.167162806626,0.0528615209004,0.896278968789,0.010427358182,0.533739883136,0.950020609903,0.966511746195;0.963304758751;1.24757353207;1.17665822409;1.17307134557;1.42146536682;1.12267825249;1.05808245466;0.823906411906;1.12872362872,0.901200283411;0.905547914063;0.893117280545;0.891332957131;0.889589012921;0.87287660763;0.896897601219;0.899448878339;0.910041314318;0.902737838309,False,False
Ridge,6,1000,923,1.18051026626,0.092014333705,0.029097487189,0.889009109379,0.00604282473406,0.835290696823,0.921784479169,1.1580444001;1.17837717486;1.24678843615;1.14805395904;1.20143695104;1.33605932183;1.15297749975;1.21614108573;0.972246208571;1.19497762548,0.881621243634;0.884460051531;0.89318454166;0.893974625573;0.886919205573;0.880514575055;0.894115036342;0.884428335684;0.893844750061;0.897028728673,False,False
Ridge,10,1000,8007,1.19315703769,0.231354119303,0.073160596306,0.88850758776,0.0162863602256,0.476611900663,0.955369214463,0.982785343634;1.03554312519;1.28574536819;1.36406145752;1.21721965223;1.67622650106;1.10437841261;1.1137156265;0.853192684376;1.29870220559,0.899536747689;0.898464938158;0.889847004648;0.87402584553;0.885433717393;0.850093006718;0.89857818725;0.894161976731;0.906843676162;0.888090777322,False,False
Ridge,3,100,83,1.21099683344,0.164765834329,0.0521035317058,0.886159456815,0.0141684908185,0.962802773004,0.909840416049,1.24825055417;1.39793797141;1.23211059953;0.99022670568;1.3175642212;1.3127617902;1.11156800737;1.12664967639;0.942634360834;1.43026444765,0.87240010122;0.862932103044;0.894442028336;0.908550328657;0.875989157223;0.882598101903;0.897917922866;0.892932835072;0.897077936337;0.876754053492,False,False
Ridge,9,10,5004,1.27277679337,0.331097792562,0.104702315275,0.880170309676,0.0305486406619,0.0392808333765,0.996319966226,1.1616978808;1.19880707255;0.955448357617;1.2725228342;2.019813169;1.61632966043;1.02539644274;0.975580413441;1.10691832375;1.39525377918,0.881247773928;0.88245689891;0.91814436894;0.882479644008;0.809892581089;0.855449654688;0.905831583792;0.907289167862;0.879140499307;0.879770924239,False,False
Ridge,6,1,923,1.37304749402,0.276625085739,0.0874765328876,0.870959990843,0.0246114888241,0.0556733657527,0.994785457865,1.09468743523;1.64136431601;1.24039335158;1.8939602242;1.46773194095;1.31424982875;1.03548295285;1.35381080766;1.09753307802;1.59126100497,0.88809778176;0.839064136223;0.89373242442;0.825088498375;0.86185517788;0.882465024789;0.904905277983;0.871345380856;0.880165232648;0.8628809735,False,False
Ridge,5,1000,461,1.43131135506,0.105378200185,0.0333235128314,0.865434127412,0.00662214388547,1.10052281771,0.896941304827,1.39594979554;1.44830613083;1.50132780821;1.40562417323;1.51218512229;1.48091174116;1.38848937904;1.48428505422;1.16729203939;1.52874230673,0.857301843754;0.857993502171;0.871377522198;0.870187434922;0.857671187155;0.867560245412;0.872486542477;0.858946222566;0.872548561156;0.868268212308,False,False
Ridge,10,10,8007,1.5582732546,0.482440782139,0.152561170771,0.853770607548,0.042342431746,0.0295253978633,0.997232962392,1.37219674784;1.45696871184;1.18880300445;1.63296881249;2.22853443543;2.56550041715;1.18291292896;1.13534636816;1.20958801213;1.60991310757,0.859729951214;0.857144135615;0.898152297444;0.849191644339;0.790247466462;0.770564148964;0.891365883098;0.892106375746;0.867930451547;0.861273721049,False,False
Ridge,5,0.1,461,1.67889806386,0.488197795437,0.154381698225,0.84247348161,0.0421122649952,0.123489616875,0.988433724477,1.61852779242;1.8979315514;1.52176034692;1.16807818165;1.58747085562;2.77363570938;1.12559643556;1.64842142809;1.34307275731;2.10448558023,0.834549256321;0.813907704321;0.869627015918;0.892125343417;0.850585196894;0.751950354328;0.89662960665;0.843348103132;0.853355844455;0.81865639066,False,False
Ridge,7,1,1715,1.69237616691,0.349039811232,0.110376079757,0.839924804357,0.0356184667672,0.0212883093923,0.998005763213,1.67012059066;1.73959651103;1.23425678474;1.84307917926;2.35665378796;1.56513381518;1.23015562253;1.46982676392;1.7525698064;2.06236880745,0.829275286434;0.829432463961;0.894258159325;0.829787477721;0.778188707862;0.860028161964;0.887027298092;0.860320215019;0.808644678485;0.822285594709,False,False
Ridge,4,1000,209,1.86169729559,0.158413076614,0.0500946133255,0.824726489121,0.0147443103777,1.58199399496,0.851836369651,1.82583972829;1.99222418687;1.78770857078;1.74595730027;2.03955513026;2.05594493639;1.7724119556;1.93858232915;1.5417687256;1.91698009271,0.813357211227;0.804662306093;0.846842571819;0.838756902462;0.808034442249;0.816134321004;0.837228588115;0.815773688742;0.831661113233;0.834813746261,False,False
Ridge,5,0.01,461,2.05387974322,0.721728253043,0.228230513131,0.807764204331,0.0617232768256,0.1226791171,0.988509696521,1.92321362878;2.29593154137;1.92693206001;1.36539746449;1.96750365941;3.75922281944;1.3214295544;1.78857498495;1.54927275873;2.64131896066,0.803403360371;0.774883782852;0.834914950114;0.873902462271;0.814816019557;0.663808089429;0.878645055628;0.830029105841;0.830841781149;0.772397436102,False,False
OLS,5,,461,2.11642542908,0.761370141431,0.240766378937,0.801979254956,0.0650753590176,0.122664813484,0.98851103694,1.97414492871;2.35790234634;1.99323603432;1.40404175695;2.03305836208;3.92486847249;1.35586029409;1.80523362349;1.58359624348;2.73231222886,0.798197010817;0.768807541929;0.829234524148;0.870333574637;0.808645926445;0.648994195374;0.875483070575;0.82844601108;0.827094152133;0.764556542425,False,False
Ridge,8,1,3002,2.16249054579,0.340158049584,0.107567420112,0.79642032418,0.0311116289157,0.00973337946029,0.999087460695,2.16561611857;2.18178385977;2.01168526327;2.34717630736;2.64963315621;2.61420390754;1.55976636497;1.91303958112;1.85963747754;2.32236342154,0.778624254078;0.786075969473;0.827653932935;0.783232970126;0.750613112085;0.766208536043;0.856757131075;0.818201053409;0.796954434501;0.799881848077,False,False
Ridge,10,10000,8007,2.24152375378,0.193278048316,0.061119885439,0.789310558826,0.0127117801649,1.70908369896,0.839973312554,2.12506273895;2.11368419234;2.44387232253;2.44769566554;2.07908472311;2.32587312673;2.39250467026;2.41547302397;1.87504396011;2.19694311428,0.782769741631;0.792753145705;0.790627395405;0.773949780513;0.804313866019;0.791994311649;0.780281687963;0.770454069215;0.795272269023;0.810689321133,False,False
Ridge,9,1,5004,2.45575470917,0.584976038142,0.184985665715,0.768351957478,0.0561160732441,0.00505455219178,0.999526009688,2.43771740774;2.29531951532;1.94075747295;2.50651221528;3.85073605611;2.99316613197;2.07956579841;1.87363242895;2.20108085375;2.37905921125,0.750809247837;0.774943792041;0.833730492689;0.768517939388;0.637563758982;0.732317479198;0.809020775309;0.821945972658;0.759673747138;0.794996369537,False,False
Ridge,9,10000,5004,2.48387918768,0.205232607054,0.0649002488425,0.76653605775,0.012955208911,1.96197358342,0.81628852194,2.325337608;2.36809507832;2.65284340188;2.73682725451;2.37769448424;2.46825328819;2.64745301183;2.67119444292;2.06783001303;2.52326329392,0.762297046519;0.767808143983;0.772724324625;0.747247825663;0.776208330407;0.779261079062;0.756868225092;0.746152489129;0.774222815241;0.78257029778,False,False
Ridge,8,10000,3002,2.58732403367,0.190840172542,0.0603489614293,0.756593794189,0.0147024682776,2.153582273,0.798335912561,2.41798185836;2.59101645982;2.63236748056;2.84171865954;2.54124212966;2.5875771871;2.65623871885;2.81932687637;2.17375887558;2.61201209085,0.752826674622;0.745950689952;0.774478547601;0.737560867655;0.760815015215;0.768589796332;0.756061379972;0.732075247538;0.762656912715;0.774922810284,False,False
Ridge,2,1,27,2.82705776468,0.339448228571,0.107342954999,0.733492585667,0.0350925144158,2.6423369371,0.75253862822,2.94098811885;3.41057768293;3.03793791871;2.19395028766;2.58420201004;2.79724198314;3.03856272633;2.85222831689;2.47896651633;2.93592208591,0.699363413038;0.665592665794;0.739732322031;0.797383738897;0.7567715759;0.749839216293;0.720950231969;0.728948575573;0.729332644539;0.747011472635,False,False
Ridge,2,0.1,27,2.82725431761,0.339799439784,0.107454017737,0.733472913224,0.0351324434847,2.64231371689,0.752540803545,2.94249234877;3.41087250616;3.03940957463;2.19374695773;2.58266471806;2.79704905974;3.03952036403;2.85138207357;2.47968861874;2.93571695468,0.699209646164;0.665563758359;0.739606241618;0.797402516876;0.756916267803;0.749856469669;0.720862286252;0.729028995312;0.729253801381;0.747029148802,False,False
Ridge,2,0.01,27,2.82727636892,0.339834628533,0.107465145396,0.733470721581,0.0351364330465,2.6423134834,0.752540825419,2.94264566019;3.41090337424;3.03956019708;2.19372960927;2.58251254468;2.79703233791;3.03961916044;2.8512994281;2.47976275364;2.93569862368,0.699193974213;0.665560731742;0.739593337419;0.797404119044;0.756930590558;0.749857965123;0.720853213175;0.729036849232;0.72924570692;0.747030728385,False,False
OLS,2,,27,2.82727884612,0.339838539152,0.107466382042,0.733470475532,0.0351368762928,2.64231348104,0.752540825641,2.94266272742;3.41090681964;3.03957697195;2.1937277154;2.58249565412;2.79703050894;3.03963017206;2.85129026762;2.47977101255;2.93569661152,0.69919222955;0.665560393921;0.739591900274;0.797404293948;0.756932180319;0.74985812869;0.720852201911;0.729037719766;0.729244805166;0.747030901773,False,False
Ridge,2,10,27,2.82734266242,0.336005040108,0.106254123204,0.733478564659,0.0346902296507,2.64453632423,0.752332585645,2.92865296897;3.40895240248;3.02648114221;2.19877920872;2.60102105935;2.80157020954;3.0318408738;2.86253687799;2.47355164538;2.94004023581,0.700624348891;0.665752024634;0.740713852495;0.796937777138;0.755188545301;0.749452137694;0.72156754073;0.727968937949;0.729923870274;0.746656611489,False,False
Ridge,10,1,8007,2.84191124994,0.649413573662,0.20536260362,0.73235685956,0.0598590213029,0.00321126987968,0.9996987337,2.81683255455;2.92584003628;2.32995150973;3.01694639759;3.89886760517;3.97400515248;2.1340992406;2.26720956441;2.34373273211;2.71162770652,0.712054965536;0.713121219393;0.800387274051;0.721378190534;0.633033555545;0.644599841776;0.804012636342;0.784543762409;0.744098221445;0.766338928569,False,False
Ridge,2,100,27,2.96403336163,0.310016221534,0.0980357371645,0.720805874486,0.030697586227,2.78598143867,0.739082940703,2.96569235214;3.48201130663;3.11128037344;2.40840822827;2.84743476878;2.98125644934;3.13650245738;3.0693797016;2.527990192;3.11037778669,0.696838072547;0.65858859496;0.733448891988;0.777578064022;0.731995769353;0.733382576733;0.711955828466;0.708312362197;0.723979966896;0.731978617696,False,False
Ridge,7,10000,1715,3.11206931896,0.265333053656,0.0839056788081,0.707466335646,0.0179227818247,2.67372034405,0.749618314328,2.84449821722;3.06199942932;3.09601001366;3.50576654947;3.13440124261;3.10017224902;3.13413952309;3.3485425772;2.56476407624;3.33039931178,0.70922689889;0.699770783223;0.734757141592;0.676234546175;0.70498611495;0.722747790818;0.71217283115;0.681783106236;0.719964789631;0.713019353794,False,False
Ridge,6,10000,923,3.39419036486,0.3041083097,0.0961674914037,0.680948511549,0.0215447063718,3.05528370492,0.713866594128,3.0533438402;3.43659843904;3.25953018916;3.7828960724;3.50677344932;3.52842870326;3.35639866915;3.63475161857;2.75970538707;3.6234772804,0.68787807572;0.66304132919;0.720747962498;0.650641009215;0.669937962884;0.684448290501;0.691761416696;0.654584242847;0.698680012801;0.687764813138,False,False
Ridge,3,1000,83,3.4002396929,0.330570504029,0.104535572,0.680880768964,0.0164425580251,3.09497454967,0.710164518855,3.25202120608;3.26443378593;3.53059354435;3.5045115343;3.52430678252;3.74545496344;3.22051019539;3.43124773243;2.66857968422;3.86073750037,0.667568682152;0.679922083138;0.69752529241;0.676350449659;0.668287702963;0.665039365689;0.704240884949;0.673923514492;0.708629623996;0.667320090187,False,False
Ridge,9,0.1,5004,3.66142005823,0.690419556447,0.21832983395,0.654709332304,0.0671698151284,0.000234528590403,0.99997796976,3.4584726225;3.40894725791;3.25434009189;3.58170497611;5.31735701006;4.40229941554;3.34573971372;2.92593313063;3.46711256805;3.45229379592,0.646464601926;0.665752529059;0.721192611007;0.669221461072;0.499523504391;0.606296960169;0.692740293655;0.721944299431;0.62144136127;0.702515701063,False,False
Ridge,7,0.1,1715,3.82493752023,0.715209960899,0.226169248168,0.638497957147,0.0733474509547,0.00278019908716,0.999739288939,4.0176592075;3.38048788321;2.98238766079;3.4372370589;5.28964714578;3.76600178898;2.94887233187;4.06827804397;3.80389849426;4.55490558708,0.58930287954;0.668542972354;0.744491450436;0.68256339931;0.502131592534;0.663201837863;0.729187048525;0.613385593203;0.584669200209;0.607503597493,False,False
Ridge,10,0.1,8007,3.83225447564,0.721664170705,0.228210248516,0.638945418317,0.0678446849108,0.000135470210881,0.999987267635,3.6006948419;4.12606570542;3.45702277488;3.91370306473;5.14024217696;4.87934894374;2.81004967716;3.26507105146;3.36107538795;3.76927113223,0.631926222;0.595439024827;0.703828282743;0.638560688224;0.516193780774;0.563633835362;0.741935980531;0.68971552729;0.633019090509;0.675201750906,False,False
Ridge,8,0.1,3002,3.83650739378,0.586446010695,0.185450511852,0.639465315588,0.0497087650659,0.000643345619018,0.999939592932,3.89333988719;3.71978436922;4.23649496416;3.67745802589;4.82770057228;4.25123709459;2.80627952625;3.70125837519;3.09182493621;4.15969618686,0.602011171666;0.63527493276;0.637048966584;0.660378450797;0.545610599458;0.619806648935;0.742282216509;0.64826400859;0.662417352748;0.641558807828,False,False
Ridge,9,0.01,5004,4.06081162438,0.682121497088,0.215705757176,0.617287955148,0.06570143232,3.61788936236e-06,0.999999659994,3.70340653391;3.75386301206;3.76313956899;3.97156903422;5.65978379953;4.87407475441;3.75434694441;3.35688920939;3.87883336038;3.89221002646,0.621426726157;0.631933519907;0.677602497581;0.633216635331;0.467293853594;0.564105512587;0.655215396784;0.680989913584;0.576487394642;0.664608101314,False,False
Ridge,10,0.01,8007,4.12428974112,0.750843033654,0.237437415162,0.611640025385,0.0695498221257,2.04049831839e-06,0.999999808122,3.75186768525;4.45597647688;3.86749090539;4.17557462685;5.44500247838;5.21712645364;2.97543287509;3.63216871116;3.61878556115;4.10347163737,0.616472882567;0.563091255075;0.668662459719;0.614376258384;0.487509348383;0.533425978085;0.726747831667;0.654829700312;0.604880860083;0.64640367958,False,False
Ridge,8,0.01,3002,4.67952698567,0.667760762116,0.211164494038,0.560784368815,0.050762250916,1.35104180793e-05,0.999998730426,4.56603237337;4.41880099854;5.28555637692;4.34875381395;5.69182502963;5.32833197424;3.75391224685;4.54328950655;3.7189485002;5.13981903648,0.533246537146;0.566736312823;0.547173272857;0.598382769566;0.464278091717;0.523480731892;0.655255317715;0.568244559861;0.593944513162;0.557101581408,False,False
Ridge,6,0.1,923,4.71532978549,0.818809689972,0.258930359053,0.557285557913,0.0681545200587,0.0213608191846,0.997999096264,4.609278342;4.41628003565;5.4053233459;6.04068032439;4.37403774614;5.46176431943;3.82645617086;5.38148558506;3.51371923969;4.12427274581,0.528825805105;0.566983493377;0.536912539507;0.442129537424;0.588309929404;0.511547713495;0.648593166234;0.488589561808;0.616352585574;0.644611247206,False,False
Ridge,5,10000,461,4.71781541177,0.466306057452,0.147458922828,0.557138549008,0.025655429246,4.38319107025,0.589530528132,4.27734869763;4.57204506027;4.71020661683;5.25819892899;4.83440179275;5.04376849956;4.56444304185;4.86528842188;3.74804977541;5.30440328257,0.562756644456;0.551710723926;0.596464914122;0.514393460454;0.544979871951;0.548929592688;0.580819325867;0.537644532455;0.590767074036;0.542919350127,False,False
Ridge,10,100000,8007,5.05649431327,0.482884166641,0.152701381262,0.524637970384,0.0357486573173,4.62534176588,0.566847263358,4.51245346547;5.15725459048;4.76160322324;5.83658212393;5.06594939253;5.11472267755;5.03876076095;5.32538645404;4.18481477941;5.5674156651,0.538723533091;0.494330896476;0.592061639348;0.460978466914;0.523186313405;0.542584073465;0.537259833631;0.493920744197;0.543078641049;0.520255562264,False,False
Ridge,2,1000,27,5.11557057551,0.433071601672,0.136949265122,0.519665935272,0.0184746253529,4.93838596369,0.537538416332,4.69834435571;5.21867012812;5.51914675512;5.01730344886;5.11399045741;5.33130080714;5.32606362845;5.30371883667;4.09871290929;5.52845442835,0.519721211242;0.488309099546;0.527161005669;0.536640701777;0.518664626456;0.523215225522;0.510875057093;0.495979849535;0.552479722238;0.523612853644,False,False
Ridge,4,10000,209,5.68106486228,0.510651405172,0.161482153071,0.466757314835,0.0218647595891,5.44962952275,0.489674534344,5.07113076828;5.64098871548;5.90788747597;6.04607673436;5.76143502095;6.01965105257;5.75415666086;5.87515081951;4.52230812141;6.21186325343,0.481613871052;0.446900738232;0.493856623731;0.441631166783;0.45772630961;0.461655218236;0.471560660075;0.441675833269;0.506229240396;0.46472348697,False,False
Ridge,9,100000,5004,5.72409455936,0.554764237934,0.175431855628,0.462230251578,0.0362946181389,5.32162074757,0.501652620109,5.1232888129;5.72470885221;5.48399872971;6.53203412219;5.80206005184;5.94158663797;5.61520685015;5.9152263348;4.67475175942;6.42808344238,0.476282119993;0.438691974103;0.530172224199;0.396751905147;0.453902629339;0.468636614645;0.484321269592;0.437867398495;0.489584595911;0.44609178436,False,False
Ridge,8,100000,3002,6.07760026159,0.584197942679,0.184739610325,0.429182473258,0.0358014203645,5.76622683814,0.460018875942,5.3402698658;6.11877984099;5.92247690359;6.83591833726;6.1944736476;6.41576473358;5.97614154786;6.27251791712;4.94234336321;6.75731645887,0.454101668885;0.400053291422;0.492606711274;0.368687511978;0.416968155903;0.426230285579;0.451174432505;0.403913457378;0.460367455919;0.417721761736,False,False
Ridge,7,0.01,1715,6.4126806434,1.04501957217,0.33046420475,0.396119123983,0.0961735733017,0.000141048001693,0.999986769427,6.18177106184;5.22688303461;5.5121479464;5.60465928651;8.24284134686;6.75258575889;5.68854458046;6.82437515519;6.06086242069;8.03213584251,0.368080904;0.487503823602;0.527760610974;0.48239706443;0.2241731478;0.396107967893;0.477586218032;0.35146965771;0.338241322578;0.307870522811,False,False
Ridge,7,100000,1715,7.07933730818,0.649525290206,0.205397931493,0.33535778845,0.0310869623359,6.80953370138,0.362356505184,6.37097515267;6.90554878367;7.18638990435;7.77038664795;7.21767962622;7.6082370618;6.88371716946;7.11243600689;5.78520240857;7.95280032019,0.348739896893;0.322910552211;0.384324149001;0.282387254266;0.320662690331;0.319586021702;0.367826221694;0.324094814079;0.368339416277;0.314706868045,False,False
Ridge,6,100000,923,7.87666598695,0.648993831629,0.205229869535,0.260439386406,0.0209695714439,7.67839817011,0.281006233857,7.08869916508;7.72996027539;8.29666871496;8.36768996128;7.93594836355;8.33387116777;7.92513459716;7.95259721013;6.49109197636;8.64499843788,0.275372005304;0.242076958941;0.289203808932;0.227224945088;0.25305831096;0.254691673009;0.272186500616;0.244253067352;0.291266466199;0.255060127663,False,False
Ridge,3,10000,83,7.90840350581,0.701158884897,0.221725907794,0.257811609337,0.020471138803,7.74560511042,0.27475774319,7.38565193026;7.39651782173;8.53699865265;8.31410677038;7.9729789861;8.52868480957;7.86452136869;7.79451714913;6.46455350845;8.82550406109,0.24501660698;0.274771010332;0.268614146963;0.232173473711;0.249572941034;0.237269249921;0.277752983479;0.259275646523;0.294164083766;0.239505950658,False,False
Ridge,5,100000,461,8.89614083938,0.722410900446,0.228446385194,0.164761599762,0.0151912012942,8.76070123247,0.179706187444,8.21368278971;8.47108689826;9.60844128798;9.2957451925;8.95166116814;9.50886871391;8.8779067629;8.7752162939;7.43615883408;9.82264045246,0.160372820121;0.169409451761;0.176820998374;0.14151694974;0.157458112586;0.149610200342;0.184687615195;0.166078373868;0.188078808993;0.153582666644,False,False
Ridge,2,10000,27,9.22124867999,0.711539588996,0.225008574661,0.13406913913,0.00766007916888,9.14565772474,0.143650447406,8.5431340695;8.89411976499;10.2001726295;9.36090833507;9.16533347281;9.6774202168;9.42186434423;9.16513356005;7.76508280109;10.0193176059,0.126695326598;0.127931055315;0.126125906385;0.135498986442;0.137346999856;0.134536432569;0.134732669202;0.129023966347;0.152165060375;0.136634988214,False,False
Ridge,1,100,6,9.40132821622,0.874744450844,0.276618483526,0.117460425801,0.0426377214861,9.22559255998,0.136207173494,9.27288245545;8.50410009592;9.78723820816;9.98438636657;9.55615999587;9.92001128762;9.39430437635;9.35046620003;7.52118519321;10.722547983,0.0520982676413;0.166172505868;0.161503022666;0.0779193829602;0.100561903749;0.112841215364;0.137263669328;0.111411534774;0.178795158077;0.076037597581,False,False
Ridge,1,10,6,9.40489732336,0.883658620855,0.279437391595,0.117008459442,0.0467527362614,9.20952230079,0.137710621988,9.36502820927;8.49698558245;9.67959935301;10.0053394483;9.57685538137;9.88428796393;9.36386952956;9.38212973501;7.50859313571;10.7862848949,0.0426788535487;0.166870084315;0.170724710416;0.0759843185643;0.0986140273899;0.116035996046;0.140058687139;0.108402502781;0.180170028967;0.0705453852506,False,False
Ridge,1,1,6,9.40705571748,0.884632394452,0.279745325844,0.116789283537,0.0472333252296,9.20931219784,0.137730275559,9.37795368676;8.49862240329;9.66855224064;10.0088060739;9.58083277422;9.88107297519;9.36199430719;9.38787318473;7.5093141243;10.7955354045,0.0413575726461;0.16670959394;0.171671143938;0.0756641678654;0.0982396700483;0.116323516436;0.140230900258;0.107856694362;0.180091307422;0.0697482684531,False,False
Ridge,1,0.1,6,9.40729541432,0.884730810859,0.279776447844,0.116765063692,0.0472822496487,9.2093100329,0.13773047807,9.37929401539;8.49881751598;9.66744608205;10.0091703499;9.58125519938;9.88075665838;9.36182324302;9.38848116771;7.5094127289;10.7964971825,0.0412205602509;0.16669046313;0.171765911289;0.0756305261583;0.0981999108477;0.116351805036;0.140246610126;0.107798916851;0.180080541223;0.0696653920059,False,False
Ridge,1,0.01,6,9.40731963012,0.884740663228,0.279779563437,0.116762617959,0.0472871509732,9.20931001119,0.137730480101,9.37942853974;8.49883735174;9.66733545375;10.0092069587;9.58129769592;9.8807250807;9.36180630752;9.38854231249;7.50942286301;10.7965937377,0.041206808771;0.166688518232;0.171775389089;0.0756271452578;0.0981959110189;0.116354629067;0.140248165416;0.107793106173;0.180079434724;0.0696570718446,False,False
OLS,1,,6,9.40732232353,0.884741758051,0.27977990965,0.116762345944,0.0472876956644,9.20931001097,0.137730480122,9.37944349244;8.49883955938;9.66732316162;10.0092110283;9.58130242057;9.88072157263;9.36180442773;9.3885491102;7.50942399212;10.7966044703,0.0412052802607;0.166688301773;0.171776442187;0.0756267694128;0.0981954663286;0.116354942798;0.140248338049;0.107792460177;0.180079311442;0.0696561470159,False,False
Ridge,4,100000,209,9.6814693203,0.73437180693,0.232228755931,0.090777306395,0.00649060492812,9.6025834784,0.100872004767,8.96403993791;9.31181780968;10.6419309131;9.90811747377;9.64510471214;10.1715901685;9.85119408297;9.60491854597;8.18687296863;10.5291065903,0.0836690719523;0.08697573847;0.0882793783236;0.0849629873595;0.0921903124078;0.0903422072754;0.0953046978901;0.087230556552;0.106111663342;0.0927064503771,False,False
Ridge,1,1000,6,9.69791679212,0.828082303236,0.26186261683,0.0896494746037,0.0246132170535,9.59414349597,0.101708057154,9.26127706049;8.94727816028;10.5006831166;10.1096856044;9.76118152987;10.2716861201;9.80819595194;9.57273414258;7.95345465946;10.7929915755,0.0532846057667;0.122718871657;0.100380427458;0.0663477155292;0.0812650127061;0.0813905034702;0.0992534788006;0.0902890874314;0.131597572911;0.0699674703072,False,False
Ridge,3,100000,83,10.2449385936,0.777706762177,0.24593247202,0.0378280422408,0.00844473314875,10.1977301628,0.0451683098416,9.58343406879;9.73205284498;11.3206512389;10.4453091975;10.2122493557;10.8040743977;10.3902748197;10.0719176189;8.71987021113;11.1695521824,0.0203527544545;0.0457716695523;0.0301317242568;0.0353521191581;0.0388099275359;0.0337783663875;0.0457976223118;0.0428509523032;0.0479160591884;0.0375192272595,False,False
Ridge,1,10000,6,10.4601230559,0.794918067342,0.251375164602,0.0176187448883,0.00960443979162,10.4207159251,0.0242960851484,9.81799926233;9.91146512778;11.5650769902;10.6564150816;10.4245306175;11.0042333655;10.6360775489;10.291522758;8.88969739575;11.4042124112,-0.00362520001406;0.0281802851029;0.00919116377484;0.0158560142695;0.0188297415498;0.0158779042394;0.0232240568639;0.0219815550653;0.0293733823735;0.017298545658,False,False
Ridge,2,100000,27,10.5221202861,0.781747729334,0.247210338036,0.0116842650118,0.00779744395889,10.4928771045,0.0175263993874,9.84017228446;10.0412976443;11.6633084151;10.6716735458;10.4635418886;11.0481447548;10.7103697604;10.3574023178;8.99918124267;11.4261110072,-0.00589179254223;0.0154501995367;0.000775433908151;0.0144468606571;0.0151579504336;0.0119508547983;0.0164013494712;0.0157209242395;0.0174193268769;0.0154115427389,False,False
Ridge,1,100000,6,10.6747085246,0.791458933868,0.250281290551,-0.00266432255034,0.00840166974074,10.6502983593,0.00279075104662,9.99817656457;10.1672147948;11.8311703942;10.8292550885;10.6187437099;11.2110996885;10.8600597458;10.4962562296;9.13967094734;11.5954380828,-0.0220434618379;0.0031040158254;-0.0136057182712;-0.00010615048808;0.000550154965624;-0.00262240492154;0.00265440413348;0.00252543411821;0.0020798793362;0.00082062163638,False,False
Ridge,6,0.01,923,17.4131199854,3.57082314929,1.12919342734,-0.639393829312,0.320991969667,0.00538013089534,0.999495568228,18.9181895303;14.7181532176;22.7781645306;17.2553228591;18.7193021817;21.041150941;13.0566195667;20.5144871087;14.8565137033;12.2732962148,-0.933873821326;-0.443115753254;-0.951461863083;-0.59356801359;-0.761884849638;-0.881735953213;-0.199069095979;-0.949521684249;-0.622116817209;-0.0575904415803,False,False
